,Date,Label
0,2008-08-08,0
1,2008-08-11,1
2,2008-08-12,0
3,2008-08-13,0
4,2008-08-14,1
5,2008-08-15,1
6,2008-08-18,0
7,2008-08-19,0
8,2008-08-20,1
9,2008-08-21,1
10,2008-08-22,1
11,2008-08-25,0
12,2008-08-26,1
13,2008-08-27,1
14,2008-08-28,1
15,2008-08-29,0
16,2008-09-02,0
17,2008-09-03,1
18,2008-09-04,0
19,2008-09-05,1
20,2008-09-08,1
21,2008-09-09,0
22,2008-09-10,1
23,2008-09-11,1
24,2008-09-12,0
25,2008-09-15,0
26,2008-09-16,1
27,2008-09-17,0
28,2008-09-18,1
29,2008-09-19,1
30,2008-09-22,0
31,2008-09-23,0
32,2008-09-24,0
33,2008-09-25,1
34,2008-09-26,1
35,2008-09-29,0
36,2008-09-30,1
37,2008-10-01,0
38,2008-10-02,0
39,2008-10-03,0
40,2008-10-06,0
41,2008-10-07,0
42,2008-10-08,0
43,2008-10-09,0
44,2008-10-10,0
45,2008-10-13,1
46,2008-10-14,0
47,2008-10-15,0
48,2008-10-16,1
49,2008-10-17,0
50,2008-10-20,1
51,2008-10-21,0
52,2008-10-22,0
53,2008-10-23,1
54,2008-10-24,0
55,2008-10-27,0
56,2008-10-28,1
57,2008-10-29,0
58,2008-10-30,1
59,2008-10-31,1
60,2008-11-03,0
61,2008-11-04,1
62,2008-11-05,0
63,2008-11-06,0
64,2008-11-07,1
65,2008-11-10,0
66,2008-11-11,0
67,2008-11-12,0
68,2008-11-13,1
69,2008-11-14,0
70,2008-11-17,0
71,2008-11-18,1
72,2008-11-19,0
73,2008-11-20,0
74,2008-11-21,1
75,2008-11-24,1
76,2008-11-25,1
77,2008-11-26,1
78,2008-11-28,1
79,2008-12-01,0
80,2008-12-02,1
81,2008-12-03,1
82,2008-12-04,0
83,2008-12-05,1
84,2008-12-08,1
85,2008-12-09,0
86,2008-12-10,1
87,2008-12-11,0
88,2008-12-12,1
89,2008-12-15,0
90,2008-12-16,1
91,2008-12-17,0
92,2008-12-18,0
93,2008-12-19,0
94,2008-12-22,0
95,2008-12-23,0
96,2008-12-24,1
97,2008-12-26,1
98,2008-12-29,0
99,2008-12-30,1
100,2008-12-31,1
101,2009-01-02,1
102,2009-01-05,0
103,2009-01-06,1
104,2009-01-07,0
105,2009-01-08,0
106,2009-01-09,0
107,2009-01-12,0
108,2009-01-13,0
109,2009-01-14,0
110,2009-01-15,1
111,2009-01-16,1
112,2009-01-20,0
113,2009-01-21,1
114,2009-01-22,0
115,2009-01-23,0
116,2009-01-26,1
117,2009-01-27,1
118,2009-01-28,1
119,2009-01-29,0
120,2009-01-30,0
121,2009-02-02,0
122,2009-02-03,1
123,2009-02-04,0
124,2009-02-05,1
125,2009-02-06,1
126,2009-02-09,0
127,2009-02-10,0
128,2009-02-11,1
129,2009-02-12,0
130,2009-02-13,0
131,2009-02-17,0
132,2009-02-18,1
133,2009-02-19,0
134,2009-02-20,0
135,2009-02-23,0
136,2009-02-24,1
137,2009-02-25,0
138,2009-02-26,0
139,2009-02-27,0
140,2009-03-02,0
141,2009-03-03,0
142,2009-03-04,1
143,2009-03-05,0
144,2009-03-06,1
145,2009-03-09,0
146,2009-03-10,1
147,2009-03-11,1
148,2009-03-12,1
149,2009-03-13,1
150,2009-03-16,0
151,2009-03-17,1
152,2009-03-18,1
153,2009-03-19,0
154,2009-03-20,0
155,2009-03-23,1
156,2009-03-24,0
157,2009-03-25,1
158,2009-03-26,1
159,2009-03-27,0
160,2009-03-30,0
161,2009-03-31,1
162,2009-04-01,1
163,2009-04-02,1
164,2009-04-03,1
165,2009-04-06,0
166,2009-04-07,0
167,2009-04-08,1
168,2009-04-09,1
169,2009-04-13,0
170,2009-04-14,0
171,2009-04-15,1
172,2009-04-16,1
173,2009-04-17,1
174,2009-04-20,0
175,2009-04-21,1
176,2009-04-22,0
177,2009-04-23,1
178,2009-04-24,1
179,2009-04-27,0
180,2009-04-28,0
181,2009-04-29,1
182,2009-04-30,0
183,2009-05-01,1
184,2009-05-04,1
185,2009-05-05,0
186,2009-05-06,1
187,2009-05-07,0
188,2009-05-08,1
189,2009-05-11,0
190,2009-05-12,1
191,2009-05-13,0
192,2009-05-14,1
193,2009-05-15,0
194,2009-05-18,1
195,2009-05-19,0
196,2009-05-20,0
197,2009-05-21,0
198,2009-05-22,0
199,2009-05-26,1
200,2009-05-27,0
201,2009-05-28,1
202,2009-05-29,1
203,2009-06-01,1
204,2009-06-02,1
205,2009-06-03,0
206,2009-06-04,1
207,2009-06-05,1
208,2009-06-08,1
209,2009-06-09,0
210,2009-06-10,0
211,2009-06-11,1
212,2009-06-12,1
213,2009-06-15,0
214,2009-06-16,0
215,2009-06-17,0
216,2009-06-18,1
217,2009-06-19,0
218,2009-06-22,0
219,2009-06-23,0
220,2009-06-24,0
221,2009-06-25,1
222,2009-06-26,0
223,2009-06-29,1
224,2009-06-30,0
225,2009-07-01,1
226,2009-07-02,0
227,2009-07-06,1
228,2009-07-07,0
229,2009-07-08,1
230,2009-07-09,1
231,2009-07-10,0
232,2009-07-13,1
233,2009-07-14,1
234,2009-07-15,1
235,2009-07-16,1
236,2009-07-17,1
237,2009-07-20,1
238,2009-07-21,1
239,2009-07-22,0
240,2009-07-23,1
241,2009-07-24,1
242,2009-07-27,1
243,2009-07-28,0
244,2009-07-29,0
245,2009-07-30,1
246,2009-07-31,1
247,2009-08-03,1
248,2009-08-04,1
249,2009-08-05,0
250,2009-08-06,0
251,2009-08-07,1
252,2009-08-10,0
253,2009-08-11,0
254,2009-08-12,1
255,2009-08-13,1
256,2009-08-14,0
257,2009-08-17,0
258,2009-08-18,1
259,2009-08-19,1
260,2009-08-20,1
261,2009-08-21,1
262,2009-08-24,1
263,2009-08-25,1
264,2009-08-26,1
265,2009-08-27,1
266,2009-08-28,0
267,2009-08-31,0
268,2009-09-01,0
269,2009-09-02,0
270,2009-09-03,1
271,2009-09-04,1
272,2009-09-08,1
273,2009-09-09,1
274,2009-09-10,1
275,2009-09-11,0
276,2009-09-14,1
277,2009-09-15,1
278,2009-09-16,1
279,2009-09-17,0
280,2009-09-18,1
281,2009-09-21,0
282,2009-09-22,1
283,2009-09-23,0
284,2009-09-24,0
285,2009-09-25,0
286,2009-09-28,1
287,2009-09-29,0
288,2009-09-30,0
289,2009-10-01,0
290,2009-10-02,0
291,2009-10-05,1
292,2009-10-06,1
293,2009-10-07,0
294,2009-10-08,1
295,2009-10-09,1
296,2009-10-12,1
297,2009-10-13,0
298,2009-10-14,1
299,2009-10-15,1
300,2009-10-16,0
301,2009-10-19,1
302,2009-10-20,0
303,2009-10-21,0
304,2009-10-22,1
305,2009-10-23,0
306,2009-10-26,0
307,2009-10-27,1
308,2009-10-28,0
309,2009-10-29,1
310,2009-10-30,0
311,2009-11-02,1
312,2009-11-03,0
313,2009-11-04,1
314,2009-11-05,1
315,2009-11-06,1
316,2009-11-09,1
317,2009-11-10,1
318,2009-11-11,1
319,2009-11-12,0
320,2009-11-13,1
321,2009-11-16,1
322,2009-11-17,1
323,2009-11-18,0
324,2009-11-19,0
325,2009-11-20,0
326,2009-11-23,1
327,2009-11-24,0
328,2009-11-25,1
329,2009-11-27,0
330,2009-11-30,1
331,2009-12-01,1
332,2009-12-02,0
333,2009-12-03,0
334,2009-12-04,1
335,2009-12-07,1
336,2009-12-08,0
337,2009-12-09,1
338,2009-12-10,1
339,2009-12-11,1
340,2009-12-14,1
341,2009-12-15,0
342,2009-12-16,0
343,2009-12-17,0
344,2009-12-18,1
345,2009-12-21,1
346,2009-12-22,1
347,2009-12-23,1
348,2009-12-24,1
349,2009-12-28,1
350,2009-12-29,0
351,2009-12-30,1
352,2009-12-31,0
353,2010-01-04,1
354,2010-01-05,0
355,2010-01-06,1
356,2010-01-07,1
357,2010-01-08,1
358,2010-01-11,1
359,2010-01-12,0
360,2010-01-13,1
361,2010-01-14,1
362,2010-01-15,0
363,2010-01-19,1
364,2010-01-20,0
365,2010-01-21,0
366,2010-01-22,0
367,2010-01-25,1
368,2010-01-26,0
369,2010-01-27,1
370,2010-01-28,0
371,2010-01-29,0
372,2010-02-01,1
373,2010-02-02,1
374,2010-02-03,0
375,2010-02-04,0
376,2010-02-05,1
377,2010-02-08,0
378,2010-02-09,1
379,2010-02-10,0
380,2010-02-11,1
381,2010-02-12,0
382,2010-02-16,1
383,2010-02-17,1
384,2010-02-18,1
385,2010-02-19,1
386,2010-02-22,0
387,2010-02-23,0
388,2010-02-24,1
389,2010-02-25,0
390,2010-02-26,1
391,2010-03-01,1
392,2010-03-02,1
393,2010-03-03,0
394,2010-03-04,1
395,2010-03-05,1
396,2010-03-08,0
397,2010-03-09,1
398,2010-03-10,1
399,2010-03-11,1
400,2010-03-12,1
401,2010-03-15,1
402,2010-03-16,1
403,2010-03-17,1
404,2010-03-18,1
405,2010-03-19,0
406,2010-03-22,1
407,2010-03-23,1
408,2010-03-24,0
409,2010-03-25,1
410,2010-03-26,1
411,2010-03-29,1
412,2010-03-30,1
413,2010-03-31,0
414,2010-04-01,1
415,2010-04-05,1
416,2010-04-06,0
417,2010-04-07,0
418,2010-04-08,1
419,2010-04-09,1
420,2010-04-12,1
421,2010-04-13,1
422,2010-04-14,1
423,2010-04-15,1
424,2010-04-16,0
425,2010-04-19,1
426,2010-04-20,1
427,2010-04-21,1
428,2010-04-22,1
429,2010-04-23,1
430,2010-04-26,1
431,2010-04-27,0
432,2010-04-28,1
433,2010-04-29,1
434,2010-04-30,0
435,2010-05-03,1
436,2010-05-04,0
437,2010-05-05,0
438,2010-05-06,0
439,2010-05-07,0
440,2010-05-10,1
441,2010-05-11,0
442,2010-05-12,1
443,2010-05-13,0
444,2010-05-14,0
445,2010-05-17,1
446,2010-05-18,0
447,2010-05-19,0
448,2010-05-20,0
449,2010-05-21,1
450,2010-05-24,0
451,2010-05-25,0
452,2010-05-26,0
453,2010-05-27,1
454,2010-05-28,0
455,2010-06-01,0
456,2010-06-02,1
457,2010-06-03,1
458,2010-06-04,0
459,2010-06-07,0
460,2010-06-08,1
461,2010-06-09,0
462,2010-06-10,1
463,2010-06-11,1
464,2010-06-14,0
465,2010-06-15,1
466,2010-06-16,1
467,2010-06-17,1
468,2010-06-18,1
469,2010-06-21,0
470,2010-06-22,0
471,2010-06-23,1
472,2010-06-24,0
473,2010-06-25,0
474,2010-06-28,0
475,2010-06-29,0
476,2010-06-30,0
477,2010-07-01,0
478,2010-07-02,0
479,2010-07-06,1
480,2010-07-07,1
481,2010-07-08,1
482,2010-07-09,1
483,2010-07-12,1
484,2010-07-13,1
485,2010-07-14,1
486,2010-07-15,0
487,2010-07-16,0
488,2010-07-19,1
489,2010-07-20,1
490,2010-07-21,0
491,2010-07-22,1
492,2010-07-23,1
493,2010-07-26,1
494,2010-07-27,1
495,2010-07-28,0
496,2010-07-29,0
497,2010-07-30,0
498,2010-08-02,1
499,2010-08-03,0
500,2010-08-04,1
501,2010-08-05,0
502,2010-08-06,0
503,2010-08-09,1
504,2010-08-10,0
505,2010-08-11,0
506,2010-08-12,0
507,2010-08-13,0
508,2010-08-16,0
509,2010-08-17,1
510,2010-08-18,1
511,2010-08-19,0
512,2010-08-20,0
513,2010-08-23,0
514,2010-08-24,0
515,2010-08-25,1
516,2010-08-26,0
517,2010-08-27,1
518,2010-08-30,0
519,2010-08-31,1
520,2010-09-01,1
521,2010-09-02,1
522,2010-09-03,1
523,2010-09-07,0
524,2010-09-08,1
525,2010-09-09,1
526,2010-09-10,1
527,2010-09-13,1
528,2010-09-14,0
529,2010-09-15,1
530,2010-09-16,1
531,2010-09-17,1
532,2010-09-20,1
533,2010-09-21,1
534,2010-09-22,0
535,2010-09-23,0
536,2010-09-24,1
537,2010-09-27,0
538,2010-09-28,1
539,2010-09-29,0
540,2010-09-30,0
541,2010-10-01,1
542,2010-10-04,0
543,2010-10-05,1
544,2010-10-06,1
545,2010-10-07,0
546,2010-10-08,1
547,2010-10-11,1
548,2010-10-12,1
549,2010-10-13,1
550,2010-10-14,0
551,2010-10-15,0
552,2010-10-18,1
553,2010-10-19,0
554,2010-10-20,1
555,2010-10-21,1
556,2010-10-22,0
557,2010-10-25,1
558,2010-10-26,1
559,2010-10-27,0
560,2010-10-28,0
561,2010-10-29,1
562,2010-11-01,1
563,2010-11-02,1
564,2010-11-03,1
565,2010-11-04,1
566,2010-11-05,1
567,2010-11-08,0
568,2010-11-09,0
569,2010-11-10,1
570,2010-11-11,0
571,2010-11-12,0
572,2010-11-15,1
573,2010-11-16,0
574,2010-11-17,0
575,2010-11-18,1
576,2010-11-19,1
577,2010-11-22,0
578,2010-11-23,0
579,2010-11-24,1
580,2010-11-26,0
581,2010-11-29,0
582,2010-11-30,0
583,2010-12-01,1
584,2010-12-02,1
585,2010-12-03,1
586,2010-12-06,0
587,2010-12-07,0
588,2010-12-08,1
589,2010-12-09,0
590,2010-12-10,1
591,2010-12-13,1
592,2010-12-14,1
593,2010-12-15,0
594,2010-12-16,1
595,2010-12-17,0
596,2010-12-20,0
597,2010-12-21,1
598,2010-12-22,1
599,2010-12-23,1
600,2010-12-27,0
601,2010-12-28,1
602,2010-12-29,1
603,2010-12-30,0
604,2010-12-31,1
605,2011-01-03,1
606,2011-01-04,1
607,2011-01-05,1
608,2011-01-06,0
609,2011-01-07,0
610,2011-01-10,0
611,2011-01-11,1
612,2011-01-12,1
613,2011-01-13,0
614,2011-01-14,1
615,2011-01-18,1
616,2011-01-19,0
617,2011-01-20,0
618,2011-01-21,1
619,2011-01-24,1
620,2011-01-25,0
621,2011-01-26,1
622,2011-01-27,1
623,2011-01-28,0
624,2011-01-31,1
625,2011-02-01,1
626,2011-02-02,1
627,2011-02-03,1
628,2011-02-04,1
629,2011-02-07,1
630,2011-02-08,1
631,2011-02-09,1
632,2011-02-10,0
633,2011-02-11,1
634,2011-02-14,0
635,2011-02-15,0
636,2011-02-16,1
637,2011-02-17,1
638,2011-02-18,1
639,2011-02-22,0
640,2011-02-23,0
641,2011-02-24,0
642,2011-02-25,1
643,2011-02-28,1
644,2011-03-01,0
645,2011-03-02,1
646,2011-03-03,1
647,2011-03-04,0
648,2011-03-07,0
649,2011-03-08,1
650,2011-03-09,0
651,2011-03-10,0
652,2011-03-11,1
653,2011-03-14,0
654,2011-03-15,0
655,2011-03-16,0
656,2011-03-17,1
657,2011-03-18,1
658,2011-03-21,1
659,2011-03-22,0
660,2011-03-23,1
661,2011-03-24,1
662,2011-03-25,1
663,2011-03-28,0
664,2011-03-29,1
665,2011-03-30,1
666,2011-03-31,0
667,2011-04-01,1
668,2011-04-04,1
669,2011-04-05,0
670,2011-04-06,1
671,2011-04-07,0
672,2011-04-08,0
673,2011-04-11,1
674,2011-04-12,0
675,2011-04-13,1
676,2011-04-14,1
677,2011-04-15,1
678,2011-04-18,0
679,2011-04-19,1
680,2011-04-20,1
681,2011-04-21,1
682,2011-04-25,0
683,2011-04-26,1
684,2011-04-27,1
685,2011-04-28,1
686,2011-04-29,1
687,2011-05-02,0
688,2011-05-03,1
689,2011-05-04,0
690,2011-05-05,0
691,2011-05-06,1
692,2011-05-09,1
693,2011-05-10,1
694,2011-05-11,0
695,2011-05-12,1
696,2011-05-13,0
697,2011-05-16,0
698,2011-05-17,0
699,2011-05-18,1
700,2011-05-19,1
701,2011-05-20,0
702,2011-05-23,0
703,2011-05-24,0
704,2011-05-25,1
705,2011-05-26,1
706,2011-05-27,1
707,2011-05-31,1
708,2011-06-01,0
709,2011-06-02,0
710,2011-06-03,0
711,2011-06-06,0
712,2011-06-07,0
713,2011-06-08,0
714,2011-06-09,1
715,2011-06-10,0
716,2011-06-13,1
717,2011-06-14,1
718,2011-06-15,0
719,2011-06-16,1
720,2011-06-17,1
721,2011-06-20,1
722,2011-06-21,1
723,2011-06-22,0
724,2011-06-23,0
725,2011-06-24,0
726,2011-06-27,1
727,2011-06-28,1
728,2011-06-29,1
729,2011-06-30,1
730,2011-07-01,1
731,2011-07-05,0
732,2011-07-06,1
733,2011-07-07,1
734,2011-07-08,0
735,2011-07-11,0
736,2011-07-12,0
737,2011-07-13,1
738,2011-07-14,0
739,2011-07-15,1
740,2011-07-18,0
741,2011-07-19,1
742,2011-07-20,0
743,2011-07-21,1
744,2011-07-22,0
745,2011-07-25,0
746,2011-07-26,0
747,2011-07-27,0
748,2011-07-28,0
749,2011-07-29,0
750,2011-08-01,0
751,2011-08-02,0
752,2011-08-03,1
753,2011-08-04,0
754,2011-08-05,1
755,2011-08-08,0
756,2011-08-09,1
757,2011-08-10,0
758,2011-08-11,1
759,2011-08-12,1
760,2011-08-15,1
761,2011-08-16,0
762,2011-08-17,1
763,2011-08-18,0
764,2011-08-19,0
765,2011-08-22,1
766,2011-08-23,1
767,2011-08-24,1
768,2011-08-25,0
769,2011-08-26,1
770,2011-08-29,1
771,2011-08-30,1
772,2011-08-31,1
773,2011-09-01,0
774,2011-09-02,0
775,2011-09-06,0
776,2011-09-07,1
777,2011-09-08,0
778,2011-09-09,0
779,2011-09-12,1
780,2011-09-13,1
781,2011-09-14,1
782,2011-09-15,1
783,2011-09-16,1
784,2011-09-19,0
785,2011-09-20,1
786,2011-09-21,0
787,2011-09-22,0
788,2011-09-23,1
789,2011-09-26,1
790,2011-09-27,1
791,2011-09-28,0
792,2011-09-29,1
793,2011-09-30,0
794,2011-10-03,0
795,2011-10-04,1
796,2011-10-05,1
797,2011-10-06,1
798,2011-10-07,0
799,2011-10-10,1
800,2011-10-11,0
801,2011-10-12,1
802,2011-10-13,0
803,2011-10-14,1
804,2011-10-17,0
805,2011-10-18,1
806,2011-10-19,0
807,2011-10-20,1
808,2011-10-21,1
809,2011-10-24,1
810,2011-10-25,0
811,2011-10-26,1
812,2011-10-27,1
813,2011-10-28,1
814,2011-10-31,0
815,2011-11-01,0
816,2011-11-02,1
817,2011-11-03,1
818,2011-11-04,0
819,2011-11-07,1
820,2011-11-08,1
821,2011-11-09,0
822,2011-11-10,1
823,2011-11-11,1
824,2011-11-14,0
825,2011-11-15,1
826,2011-11-16,0
827,2011-11-17,0
828,2011-11-18,1
829,2011-11-21,0
830,2011-11-22,0
831,2011-11-23,0
832,2011-11-25,0
833,2011-11-28,1
834,2011-11-29,1
835,2011-11-30,1
836,2011-12-01,0
837,2011-12-02,0
838,2011-12-05,1
839,2011-12-06,1
840,2011-12-07,1
841,2011-12-08,0
842,2011-12-09,1
843,2011-12-12,0
844,2011-12-13,0
845,2011-12-14,0
846,2011-12-15,1
847,2011-12-16,0
848,2011-12-19,0
849,2011-12-20,1
850,2011-12-21,1
851,2011-12-22,1
852,2011-12-23,1
853,2011-12-27,0
854,2011-12-28,0
855,2011-12-29,1
856,2011-12-30,0
857,2012-01-03,1
858,2012-01-04,1
859,2012-01-05,0
860,2012-01-06,0
861,2012-01-09,1
862,2012-01-10,1
863,2012-01-11,0
864,2012-01-12,1
865,2012-01-13,0
866,2012-01-17,1
867,2012-01-18,1
868,2012-01-19,1
869,2012-01-20,1
870,2012-01-23,0
871,2012-01-24,0
872,2012-01-25,1
873,2012-01-26,0
874,2012-01-27,0
875,2012-01-30,0
876,2012-01-31,0
877,2012-02-01,1
878,2012-02-02,0
879,2012-02-03,1
880,2012-02-06,0
881,2012-02-07,1
882,2012-02-08,1
883,2012-02-09,1
884,2012-02-10,0
885,2012-02-13,1
886,2012-02-14,1
887,2012-02-15,0
888,2012-02-16,1
889,2012-02-17,1
890,2012-02-21,1
891,2012-02-22,0
892,2012-02-23,1
893,2012-02-24,0
894,2012-02-27,0
895,2012-02-28,1
896,2012-02-29,0
897,2012-03-01,1
898,2012-03-02,0
899,2012-03-05,0
900,2012-03-06,0
901,2012-03-07,1
902,2012-03-08,1
903,2012-03-09,1
904,2012-03-12,1
905,2012-03-13,1
906,2012-03-14,1
907,2012-03-15,1
908,2012-03-16,0
909,2012-03-19,1
910,2012-03-20,0
911,2012-03-21,0
912,2012-03-22,0
913,2012-03-23,1
914,2012-03-26,1
915,2012-03-27,0
916,2012-03-28,0
917,2012-03-29,1
918,2012-03-30,1
919,2012-04-02,1
920,2012-04-03,0
921,2012-04-04,0
922,2012-04-05,0
923,2012-04-09,0
924,2012-04-10,0
925,2012-04-11,1
926,2012-04-12,1
927,2012-04-13,0
928,2012-04-16,1
929,2012-04-17,1
930,2012-04-18,0
931,2012-04-19,0
932,2012-04-20,1
933,2012-04-23,0
934,2012-04-24,1
935,2012-04-25,1
936,2012-04-26,1
937,2012-04-27,1
938,2012-04-30,0
939,2012-05-01,1
940,2012-05-02,0
941,2012-05-03,0
942,2012-05-04,0
943,2012-05-07,0
944,2012-05-08,0
945,2012-05-09,0
946,2012-05-10,1
947,2012-05-11,0
948,2012-05-14,0
949,2012-05-15,0
950,2012-05-16,0
951,2012-05-17,0
952,2012-05-18,0
953,2012-05-21,1
954,2012-05-22,0
955,2012-05-23,0
956,2012-05-24,1
957,2012-05-25,0
958,2012-05-29,1
959,2012-05-30,0
960,2012-05-31,0
961,2012-06-01,0
962,2012-06-04,0
963,2012-06-05,1
964,2012-06-06,1
965,2012-06-07,1
966,2012-06-08,1
967,2012-06-11,0
968,2012-06-12,1
969,2012-06-13,0
970,2012-06-14,1
971,2012-06-15,1
972,2012-06-18,0
973,2012-06-19,1
974,2012-06-20,0
975,2012-06-21,0
976,2012-06-22,1
977,2012-06-25,0
978,2012-06-26,1
979,2012-06-27,1
980,2012-06-28,0
981,2012-06-29,1
982,2012-07-02,0
983,2012-07-03,1
984,2012-07-05,0
985,2012-07-06,0
986,2012-07-09,0
987,2012-07-10,0
988,2012-07-11,0
989,2012-07-12,0
990,2012-07-13,1
991,2012-07-16,0
992,2012-07-17,1
993,2012-07-18,1
994,2012-07-19,1
995,2012-07-20,0
996,2012-07-23,0
997,2012-07-24,0
998,2012-07-25,1
999,2012-07-26,1
1000,2012-07-27,1
1001,2012-07-30,0
1002,2012-07-31,0
1003,2012-08-01,0
1004,2012-08-02,0
1005,2012-08-03,1
1006,2012-08-06,1
1007,2012-08-07,1
1008,2012-08-08,1
1009,2012-08-09,0
1010,2012-08-10,1
1011,2012-08-13,0
1012,2012-08-14,1
1013,2012-08-15,0
1014,2012-08-16,1
1015,2012-08-17,1
1016,2012-08-20,0
1017,2012-08-21,0
1018,2012-08-22,0
1019,2012-08-23,0
1020,2012-08-24,1
1021,2012-08-27,0
1022,2012-08-28,0
1023,2012-08-29,1
1024,2012-08-30,0
1025,2012-08-31,1
1026,2012-09-04,0
1027,2012-09-05,1
1028,2012-09-06,1
1029,2012-09-07,1
1030,2012-09-10,0
1031,2012-09-11,1
1032,2012-09-12,1
1033,2012-09-13,1
1034,2012-09-14,1
1035,2012-09-17,0
1036,2012-09-18,1
1037,2012-09-19,1
1038,2012-09-20,1
1039,2012-09-21,0
1040,2012-09-24,0
1041,2012-09-25,0
1042,2012-09-26,0
1043,2012-09-27,1
1044,2012-09-28,0
1045,2012-10-01,1
1046,2012-10-02,0
1047,2012-10-03,1
1048,2012-10-04,1
1049,2012-10-05,1
1050,2012-10-08,0
1051,2012-10-09,0
1052,2012-10-10,0
1053,2012-10-11,0
1054,2012-10-12,1
1055,2012-10-15,1
1056,2012-10-16,1
1057,2012-10-17,1
1058,2012-10-18,0
1059,2012-10-19,0
1060,2012-10-22,1
1061,2012-10-23,0
1062,2012-10-24,0
1063,2012-10-25,1
1064,2012-10-26,1
1065,2012-10-31,0
1066,2012-11-01,1
1067,2012-11-02,0
1068,2012-11-05,1
1069,2012-11-06,1
1070,2012-11-07,0
1071,2012-11-08,0
1072,2012-11-09,1
1073,2012-11-12,0
1074,2012-11-13,0
1075,2012-11-14,0
1076,2012-11-15,0
1077,2012-11-16,1
1078,2012-11-19,1
1079,2012-11-20,0
1080,2012-11-21,1
1081,2012-11-23,1
1082,2012-11-26,0
1083,2012-11-27,0
1084,2012-11-28,1
1085,2012-11-29,1
1086,2012-11-30,1
1087,2012-12-03,0
1088,2012-12-04,0
1089,2012-12-05,1
1090,2012-12-06,1
1091,2012-12-07,1
1092,2012-12-10,1
1093,2012-12-11,1
1094,2012-12-12,0
1095,2012-12-13,0
1096,2012-12-14,0
1097,2012-12-17,1
1098,2012-12-18,1
1099,2012-12-19,0
1100,2012-12-20,1
1101,2012-12-21,0
1102,2012-12-24,0
1103,2012-12-26,0
1104,2012-12-27,0
1105,2012-12-28,0
1106,2012-12-31,1
1107,2013-01-02,1
1108,2013-01-03,0
1109,2013-01-04,1
1110,2013-01-07,0
1111,2013-01-08,0
1112,2013-01-09,1
1113,2013-01-10,1
1114,2013-01-11,1
1115,2013-01-14,1
1116,2013-01-15,1
1117,2013-01-16,0
1118,2013-01-17,1
1119,2013-01-18,1
1120,2013-01-22,1
1121,2013-01-23,1
1122,2013-01-24,1
1123,2013-01-25,1
1124,2013-01-28,0
1125,2013-01-29,1
1126,2013-01-30,0
1127,2013-01-31,0
1128,2013-02-01,1
1129,2013-02-04,0
1130,2013-02-05,1
1131,2013-02-06,1
1132,2013-02-07,0
1133,2013-02-08,1
1134,2013-02-11,0
1135,2013-02-12,1
1136,2013-02-13,0
1137,2013-02-14,0
1138,2013-02-15,1
1139,2013-02-19,1
1140,2013-02-20,0
1141,2013-02-21,0
1142,2013-02-22,1
1143,2013-02-25,0
1144,2013-02-26,1
1145,2013-02-27,1
1146,2013-02-28,0
1147,2013-03-01,1
1148,2013-03-04,1
1149,2013-03-05,1
1150,2013-03-06,1
1151,2013-03-07,1
1152,2013-03-08,1
1153,2013-03-11,1
1154,2013-03-12,1
1155,2013-03-13,1
1156,2013-03-14,1
1157,2013-03-15,0
1158,2013-03-18,0
1159,2013-03-19,1
1160,2013-03-20,1
1161,2013-03-21,0
1162,2013-03-22,1
1163,2013-03-25,0
1164,2013-03-26,1
1165,2013-03-27,0
1166,2013-03-28,1
1167,2013-04-01,0
1168,2013-04-02,1
1169,2013-04-03,0
1170,2013-04-04,1
1171,2013-04-05,0
1172,2013-04-08,1
1173,2013-04-09,1
1174,2013-04-10,1
1175,2013-04-11,1
1176,2013-04-12,0
1177,2013-04-15,0
1178,2013-04-16,1
1179,2013-04-17,0
1180,2013-04-18,0
1181,2013-04-19,1
1182,2013-04-22,1
1183,2013-04-23,1
1184,2013-04-24,0
1185,2013-04-25,1
1186,2013-04-26,1
1187,2013-04-29,1
1188,2013-04-30,1
1189,2013-05-01,0
1190,2013-05-02,1
1191,2013-05-03,1
1192,2013-05-06,0
1193,2013-05-07,1
1194,2013-05-08,1
1195,2013-05-09,0
1196,2013-05-10,1
1197,2013-05-13,0
1198,2013-05-14,1
1199,2013-05-15,1
1200,2013-05-16,0
1201,2013-05-17,1
1202,2013-05-20,0
1203,2013-05-21,1
1204,2013-05-22,0
1205,2013-05-23,0
1206,2013-05-24,1
1207,2013-05-28,1
1208,2013-05-29,0
1209,2013-05-30,1
1210,2013-05-31,0
1211,2013-06-03,1
1212,2013-06-04,0
1213,2013-06-05,0
1214,2013-06-06,1
1215,2013-06-07,1
1216,2013-06-10,0
1217,2013-06-11,0
1218,2013-06-12,0
1219,2013-06-13,1
1220,2013-06-14,0
1221,2013-06-17,1
1222,2013-06-18,1
1223,2013-06-19,0
1224,2013-06-20,0
1225,2013-06-21,1
1226,2013-06-24,0
1227,2013-06-25,1
1228,2013-06-26,1
1229,2013-06-27,1
1230,2013-06-28,0
1231,2013-07-01,1
1232,2013-07-02,0
1233,2013-07-03,1
1234,2013-07-05,1
1235,2013-07-08,1
1236,2013-07-09,1
1237,2013-07-10,0
1238,2013-07-11,1
1239,2013-07-12,1
1240,2013-07-15,1
1241,2013-07-16,0
1242,2013-07-17,1
1243,2013-07-18,1
1244,2013-07-19,0
1245,2013-07-22,1
1246,2013-07-23,1
1247,2013-07-24,0
1248,2013-07-25,1
1249,2013-07-26,1
1250,2013-07-29,0
1251,2013-07-30,0
1252,2013-07-31,0
1253,2013-08-01,1
1254,2013-08-02,1
1255,2013-08-05,0
1256,2013-08-06,0
1257,2013-08-07,0
1258,2013-08-08,1
1259,2013-08-09,0
1260,2013-08-12,0
1261,2013-08-13,1
1262,2013-08-14,0
1263,2013-08-15,0
1264,2013-08-16,0
1265,2013-08-19,0
1266,2013-08-20,0
1267,2013-08-21,0
1268,2013-08-22,1
1269,2013-08-23,1
1270,2013-08-26,0
1271,2013-08-27,0
1272,2013-08-28,1
1273,2013-08-29,1
1274,2013-08-30,0
1275,2013-09-03,1
1276,2013-09-04,1
1277,2013-09-05,1
1278,2013-09-06,0
1279,2013-09-09,1
1280,2013-09-10,1
1281,2013-09-11,1
1282,2013-09-12,0
1283,2013-09-13,1
1284,2013-09-16,1
1285,2013-09-17,1
1286,2013-09-18,1
1287,2013-09-19,0
1288,2013-09-20,0
1289,2013-09-23,0
1290,2013-09-24,0
1291,2013-09-25,0
1292,2013-09-26,1
1293,2013-09-27,0
1294,2013-09-30,0
1295,2013-10-01,1
1296,2013-10-02,0
1297,2013-10-03,0
1298,2013-10-04,1
1299,2013-10-07,0
1300,2013-10-08,0
1301,2013-10-09,1
1302,2013-10-10,1
1303,2013-10-11,1
1304,2013-10-14,1
1305,2013-10-15,0
1306,2013-10-16,1
1307,2013-10-17,0
1308,2013-10-18,1
1309,2013-10-21,0
1310,2013-10-22,1
1311,2013-10-23,0
1312,2013-10-24,1
1313,2013-10-25,1
1314,2013-10-28,0
1315,2013-10-29,1
1316,2013-10-30,0
1317,2013-10-31,0
1318,2013-11-01,1
1319,2013-11-04,1
1320,2013-11-05,0
1321,2013-11-06,1
1322,2013-11-07,0
1323,2013-11-08,1
1324,2013-11-11,1
1325,2013-11-12,0
1326,2013-11-13,1
1327,2013-11-14,1
1328,2013-11-15,1
1329,2013-11-18,1
1330,2013-11-19,0
1331,2013-11-20,0
1332,2013-11-21,1
1333,2013-11-22,1
1334,2013-11-25,1
1335,2013-11-26,1
1336,2013-11-27,1
1337,2013-11-29,0
1338,2013-12-02,0
1339,2013-12-03,0
1340,2013-12-04,0
1341,2013-12-05,0
1342,2013-12-06,1
1343,2013-12-09,1
1344,2013-12-10,0
1345,2013-12-11,0
1346,2013-12-12,0
1347,2013-12-13,1
1348,2013-12-16,1
1349,2013-12-17,0
1350,2013-12-18,1
1351,2013-12-19,1
1352,2013-12-20,1
1353,2013-12-23,1
1354,2013-12-24,1
1355,2013-12-26,1
1356,2013-12-27,0
1357,2013-12-30,1
1358,2013-12-31,1
1359,2014-01-02,0
1360,2014-01-03,1
1361,2014-01-06,0
1362,2014-01-07,1
1363,2014-01-08,0
1364,2014-01-09,0
1365,2014-01-10,0
1366,2014-01-13,0
1367,2014-01-14,1
1368,2014-01-15,1
1369,2014-01-16,0
1370,2014-01-17,1
1371,2014-01-21,0
1372,2014-01-22,0
1373,2014-01-23,0
1374,2014-01-24,0
1375,2014-01-27,0
1376,2014-01-28,1
1377,2014-01-29,0
1378,2014-01-30,1
1379,2014-01-31,0
1380,2014-02-03,0
1381,2014-02-04,1
1382,2014-02-05,0
1383,2014-02-06,1
1384,2014-02-07,1
1385,2014-02-10,1
1386,2014-02-11,1
1387,2014-02-12,0
1388,2014-02-13,1
1389,2014-02-14,1
1390,2014-02-18,0
1391,2014-02-19,0
1392,2014-02-20,1
1393,2014-02-21,0
1394,2014-02-24,1
1395,2014-02-25,0
1396,2014-02-26,1
1397,2014-02-27,1
1398,2014-02-28,1
1399,2014-03-03,0
1400,2014-03-04,1
1401,2014-03-05,0
1402,2014-03-06,1
1403,2014-03-07,1
1404,2014-03-10,0
1405,2014-03-11,0
1406,2014-03-12,0
1407,2014-03-13,0
1408,2014-03-14,0
1409,2014-03-17,1
1410,2014-03-18,1
1411,2014-03-19,0
1412,2014-03-20,1
1413,2014-03-21,0
1414,2014-03-24,0
1415,2014-03-25,1
1416,2014-03-26,0
1417,2014-03-27,0
1418,2014-03-28,1
1419,2014-03-31,1
1420,2014-04-01,1
1421,2014-04-02,1
1422,2014-04-03,0
1423,2014-04-04,0
1424,2014-04-07,0
1425,2014-04-08,1
1426,2014-04-09,1
1427,2014-04-10,0
1428,2014-04-11,0
1429,2014-04-14,1
1430,2014-04-15,1
1431,2014-04-16,1
1432,2014-04-17,0
1433,2014-04-21,1
1434,2014-04-22,1
1435,2014-04-23,0
1436,2014-04-24,0
1437,2014-04-25,0
1438,2014-04-28,1
1439,2014-04-29,1
1440,2014-04-30,1
1441,2014-05-01,0
1442,2014-05-02,0
1443,2014-05-05,1
1444,2014-05-06,0
1445,2014-05-07,1
1446,2014-05-08,1
1447,2014-05-09,1
1448,2014-05-12,1
1449,2014-05-13,1
1450,2014-05-14,0
1451,2014-05-15,0
1452,2014-05-16,1
1453,2014-05-19,1
1454,2014-05-20,0
1455,2014-05-21,1
1456,2014-05-22,1
1457,2014-05-23,1
1458,2014-05-27,1
1459,2014-05-28,0
1460,2014-05-29,1
1461,2014-05-30,1
1462,2014-06-02,1
1463,2014-06-03,0
1464,2014-06-04,1
1465,2014-06-05,1
1466,2014-06-06,1
1467,2014-06-09,1
1468,2014-06-10,1
1469,2014-06-11,0
1470,2014-06-12,0
1471,2014-06-13,1
1472,2014-06-16,1
1473,2014-06-17,1
1474,2014-06-18,1
1475,2014-06-19,1
1476,2014-06-20,1
1477,2014-06-23,0
1478,2014-06-24,0
1479,2014-06-25,1
1480,2014-06-26,0
1481,2014-06-27,1
1482,2014-06-30,0
1483,2014-07-01,1
1484,2014-07-02,1
1485,2014-07-03,1
1486,2014-07-07,0
1487,2014-07-08,0
1488,2014-07-09,1
1489,2014-07-10,0
1490,2014-07-11,1
1491,2014-07-14,1
1492,2014-07-15,1
1493,2014-07-16,1
1494,2014-07-17,0
1495,2014-07-18,1
1496,2014-07-21,0
1497,2014-07-22,1
1498,2014-07-23,0
1499,2014-07-24,0
1500,2014-07-25,0
1501,2014-07-28,1
1502,2014-07-29,0
1503,2014-07-30,0
1504,2014-07-31,0
1505,2014-08-01,0
1506,2014-08-04,1
1507,2014-08-05,0
1508,2014-08-06,1
1509,2014-08-07,0
1510,2014-08-08,1
1511,2014-08-11,1
1512,2014-08-12,0
1513,2014-08-13,1
1514,2014-08-14,1
1515,2014-08-15,0
1516,2014-08-18,1
1517,2014-08-19,1
1518,2014-08-20,1
1519,2014-08-21,1
1520,2014-08-22,0
1521,2014-08-25,1
1522,2014-08-26,1
1523,2014-08-27,1
1524,2014-08-28,0
1525,2014-08-29,1
1526,2014-09-02,0
1527,2014-09-03,1
1528,2014-09-04,0
1529,2014-09-05,1
1530,2014-09-08,0
1531,2014-09-09,0
1532,2014-09-10,1
1533,2014-09-11,0
1534,2014-09-12,0
1535,2014-09-15,1
1536,2014-09-16,1
1537,2014-09-17,1
1538,2014-09-18,1
1539,2014-09-19,1
1540,2014-09-22,0
1541,2014-09-23,0
1542,2014-09-24,1
1543,2014-09-25,0
1544,2014-09-26,1
1545,2014-09-29,0
1546,2014-09-30,0
1547,2014-10-01,0
1548,2014-10-02,0
1549,2014-10-03,1
1550,2014-10-06,0
1551,2014-10-07,0
1552,2014-10-08,1
1553,2014-10-09,0
1554,2014-10-10,0
1555,2014-10-13,0
1556,2014-10-14,0
1557,2014-10-15,0
1558,2014-10-16,0
1559,2014-10-17,1
1560,2014-10-20,1
1561,2014-10-21,1
1562,2014-10-22,0
1563,2014-10-23,1
1564,2014-10-24,1
1565,2014-10-27,1
1566,2014-10-28,1
1567,2014-10-29,0
1568,2014-10-30,1
1569,2014-10-31,1
1570,2014-11-03,0
1571,2014-11-04,1
1572,2014-11-05,1
1573,2014-11-06,1
1574,2014-11-07,1
1575,2014-11-10,1
1576,2014-11-11,1
1577,2014-11-12,0
1578,2014-11-13,1
1579,2014-11-14,0
1580,2014-11-17,1
1581,2014-11-18,1
1582,2014-11-19,0
1583,2014-11-20,1
1584,2014-11-21,1
1585,2014-11-24,1
1586,2014-11-25,0
1587,2014-11-26,1
1588,2014-11-28,1
1589,2014-12-01,0
1590,2014-12-02,1
1591,2014-12-03,1
1592,2014-12-04,0
1593,2014-12-05,1
1594,2014-12-08,0
1595,2014-12-09,0
1596,2014-12-10,0
1597,2014-12-11,1
1598,2014-12-12,0
1599,2014-12-15,0
1600,2014-12-16,0
1601,2014-12-17,1
1602,2014-12-18,1
1603,2014-12-19,1
1604,2014-12-22,1
1605,2014-12-23,1
1606,2014-12-24,1
1607,2014-12-26,1
1608,2014-12-29,0
1609,2014-12-30,0
1610,2014-12-31,0
1611,2015-01-02,1
1612,2015-01-05,0
1613,2015-01-06,0
1614,2015-01-07,1
1615,2015-01-08,1
1616,2015-01-09,0
1617,2015-01-12,0
1618,2015-01-13,0
1619,2015-01-14,0
1620,2015-01-15,0
1621,2015-01-16,1
1622,2015-01-20,1
1623,2015-01-21,1
1624,2015-01-22,1
1625,2015-01-23,0
1626,2015-01-26,1
1627,2015-01-27,0
1628,2015-01-28,0
1629,2015-01-29,1
1630,2015-01-30,0
1631,2015-02-02,1
1632,2015-02-03,1
1633,2015-02-04,1
1634,2015-02-05,1
1635,2015-02-06,0
1636,2015-02-09,0
1637,2015-02-10,1
1638,2015-02-11,0
1639,2015-02-12,1
1640,2015-02-13,1
1641,2015-02-17,1
1642,2015-02-18,0
1643,2015-02-19,0
1644,2015-02-20,1
1645,2015-02-23,0
1646,2015-02-24,1
1647,2015-02-25,1
1648,2015-02-26,0
1649,2015-02-27,0
1650,2015-03-02,1
1651,2015-03-03,0
1652,2015-03-04,0
1653,2015-03-05,1
1654,2015-03-06,0
1655,2015-03-09,1
1656,2015-03-10,0
1657,2015-03-11,0
1658,2015-03-12,1
1659,2015-03-13,0
1660,2015-03-16,1
1661,2015-03-17,0
1662,2015-03-18,1
1663,2015-03-19,0
1664,2015-03-20,1
1665,2015-03-23,0
1666,2015-03-24,0
1667,2015-03-25,0
1668,2015-03-26,0
1669,2015-03-27,1
1670,2015-03-30,1
1671,2015-03-31,0
1672,2015-04-01,0
1673,2015-04-02,1
1674,2015-04-06,1
1675,2015-04-07,0
1676,2015-04-08,1
1677,2015-04-09,1
1678,2015-04-10,1
1679,2015-04-13,0
1680,2015-04-14,1
1681,2015-04-15,1
1682,2015-04-16,0
1683,2015-04-17,0
1684,2015-04-20,1
1685,2015-04-21,0
1686,2015-04-22,1
1687,2015-04-23,1
1688,2015-04-24,1
1689,2015-04-27,0
1690,2015-04-28,1
1691,2015-04-29,0
1692,2015-04-30,0
1693,2015-05-01,1
1694,2015-05-04,1
1695,2015-05-05,0
1696,2015-05-06,0
1697,2015-05-07,1
1698,2015-05-08,1
1699,2015-05-11,0
1700,2015-05-12,0
1701,2015-05-13,0
1702,2015-05-14,1
1703,2015-05-15,1
1704,2015-05-18,1
1705,2015-05-19,1
1706,2015-05-20,0
1707,2015-05-21,1
1708,2015-05-22,0
1709,2015-05-26,0
1710,2015-05-27,1
1711,2015-05-28,0
1712,2015-05-29,0
1713,2015-06-01,1
1714,2015-06-02,0
1715,2015-06-03,1
1716,2015-06-04,0
1717,2015-06-05,0
1718,2015-06-08,0
1719,2015-06-09,0
1720,2015-06-10,1
1721,2015-06-11,1
1722,2015-06-12,0
1723,2015-06-15,0
1724,2015-06-16,1
1725,2015-06-17,1
1726,2015-06-18,1
1727,2015-06-19,0
1728,2015-06-22,1
1729,2015-06-23,1
1730,2015-06-24,0
1731,2015-06-25,0
1732,2015-06-26,1
1733,2015-06-29,0
1734,2015-06-30,1
1735,2015-07-01,1
1736,2015-07-02,0
1737,2015-07-06,0
1738,2015-07-07,1
1739,2015-07-08,0
1740,2015-07-09,1
1741,2015-07-10,1
1742,2015-07-13,1
1743,2015-07-14,1
1744,2015-07-15,0
1745,2015-07-16,1
1746,2015-07-17,0
1747,2015-07-20,1
1748,2015-07-21,0
1749,2015-07-22,0
1750,2015-07-23,0
1751,2015-07-24,0
1752,2015-07-27,0
1753,2015-07-28,1
1754,2015-07-29,1
1755,2015-07-30,0
1756,2015-07-31,0
1757,2015-08-03,0
1758,2015-08-04,0
1759,2015-08-05,0
1760,2015-08-06,0
1761,2015-08-07,0
1762,2015-08-10,1
1763,2015-08-11,0
1764,2015-08-12,0
1765,2015-08-13,1
1766,2015-08-14,1
1767,2015-08-17,1
1768,2015-08-18,0
1769,2015-08-19,0
1770,2015-08-20,0
1771,2015-08-21,0
1772,2015-08-24,0
1773,2015-08-25,0
1774,2015-08-26,1
1775,2015-08-27,1
1776,2015-08-28,0
1777,2015-08-31,0
1778,2015-09-01,0
1779,2015-09-02,1
1780,2015-09-03,1
1781,2015-09-04,0
1782,2015-09-08,1
1783,2015-09-09,0
1784,2015-09-10,1
1785,2015-09-11,1
1786,2015-09-14,0
1787,2015-09-15,1
1788,2015-09-16,1
1789,2015-09-17,0
1790,2015-09-18,0
1791,2015-09-21,1
1792,2015-09-22,0
1793,2015-09-23,0
1794,2015-09-24,0
1795,2015-09-25,1
1796,2015-09-28,0
1797,2015-09-29,1
1798,2015-09-30,1
1799,2015-10-01,0
1800,2015-10-02,1
1801,2015-10-05,1
1802,2015-10-06,1
1803,2015-10-07,1
1804,2015-10-08,1
1805,2015-10-09,1
1806,2015-10-12,1
1807,2015-10-13,0
1808,2015-10-14,0
1809,2015-10-15,1
1810,2015-10-16,1
1811,2015-10-19,1
1812,2015-10-20,0
1813,2015-10-21,0
1814,2015-10-22,1
1815,2015-10-23,1
1816,2015-10-26,0
1817,2015-10-27,0
1818,2015-10-28,1
1819,2015-10-29,0
1820,2015-10-30,0
1821,2015-11-02,1
1822,2015-11-03,1
1823,2015-11-04,0
1824,2015-11-05,0
1825,2015-11-06,1
1826,2015-11-09,0
1827,2015-11-10,1
1828,2015-11-11,0
1829,2015-11-12,0
1830,2015-11-13,0
1831,2015-11-16,1
1832,2015-11-17,1
1833,2015-11-18,1
1834,2015-11-19,0
1835,2015-11-20,1
1836,2015-11-23,0
1837,2015-11-24,1
1838,2015-11-25,1
1839,2015-11-27,0
1840,2015-11-30,0
1841,2015-12-01,1
1842,2015-12-02,0
1843,2015-12-03,0
1844,2015-12-04,1
1845,2015-12-07,0
1846,2015-12-08,0
1847,2015-12-09,0
1848,2015-12-10,1
1849,2015-12-11,0
1850,2015-12-14,1
1851,2015-12-15,1
1852,2015-12-16,1
1853,2015-12-17,0
1854,2015-12-18,0
1855,2015-12-21,1
1856,2015-12-22,1
1857,2015-12-23,1
1858,2015-12-24,0
1859,2015-12-28,0
1860,2015-12-29,1
1861,2015-12-30,0
1862,2015-12-31,0
1863,2016-01-04,0
1864,2016-01-05,1
1865,2016-01-06,0
1866,2016-01-07,0
1867,2016-01-08,0
1868,2016-01-11,1
1869,2016-01-12,1
1870,2016-01-13,0
1871,2016-01-14,1
1872,2016-01-15,0
1873,2016-01-19,1
1874,2016-01-20,0
1875,2016-01-21,1
1876,2016-01-22,1
1877,2016-01-25,0
1878,2016-01-26,1
1879,2016-01-27,0
1880,2016-01-28,1
1881,2016-01-29,1
1882,2016-02-01,0
1883,2016-02-02,0
1884,2016-02-03,1
1885,2016-02-04,1
1886,2016-02-05,0
1887,2016-02-08,0
1888,2016-02-09,0
1889,2016-02-10,0
1890,2016-02-11,0
1891,2016-02-12,1
1892,2016-02-16,1
1893,2016-02-17,1
1894,2016-02-18,0
1895,2016-02-19,0
1896,2016-02-22,1
1897,2016-02-23,0
1898,2016-02-24,1
1899,2016-02-25,1
1900,2016-02-26,0
1901,2016-02-29,0
1902,2016-03-01,1
1903,2016-03-02,1
1904,2016-03-03,1
1905,2016-03-04,1
1906,2016-03-07,1
1907,2016-03-08,0
1908,2016-03-09,1
1909,2016-03-10,0
1910,2016-03-11,1
1911,2016-03-14,1
1912,2016-03-15,1
1913,2016-03-16,1
1914,2016-03-17,1
1915,2016-03-18,1
1916,2016-03-21,1
1917,2016-03-22,0
1918,2016-03-23,0
1919,2016-03-24,1
1920,2016-03-28,1
1921,2016-03-29,1
1922,2016-03-30,1
1923,2016-03-31,0
1924,2016-04-01,1
1925,2016-04-04,0
1926,2016-04-05,0
1927,2016-04-06,1
1928,2016-04-07,0
1929,2016-04-08,1
1930,2016-04-11,0
1931,2016-04-12,1
1932,2016-04-13,1
1933,2016-04-14,1
1934,2016-04-15,0
1935,2016-04-18,1
1936,2016-04-19,1
1937,2016-04-20,1
1938,2016-04-21,0
1939,2016-04-22,1
1940,2016-04-25,0
1941,2016-04-26,1
1942,2016-04-27,1
1943,2016-04-28,0
1944,2016-04-29,0
1945,2016-05-02,1
1946,2016-05-03,0
1947,2016-05-04,0
1948,2016-05-05,1
1949,2016-05-06,1
1950,2016-05-09,0
1951,2016-05-10,1
1952,2016-05-11,0
1953,2016-05-12,1
1954,2016-05-13,0
1955,2016-05-16,1
1956,2016-05-17,0
1957,2016-05-18,0
1958,2016-05-19,0
1959,2016-05-20,1
1960,2016-05-23,0
1961,2016-05-24,1
1962,2016-05-25,1
1963,2016-05-26,0
1964,2016-05-27,1
1965,2016-05-31,0
1966,2016-06-01,1
1967,2016-06-02,1
1968,2016-06-03,0
1969,2016-06-06,1
1970,2016-06-07,1
1971,2016-06-08,1
1972,2016-06-09,0
1973,2016-06-10,0
1974,2016-06-13,0
1975,2016-06-14,0
1976,2016-06-15,0
1977,2016-06-16,1
1978,2016-06-17,0
1979,2016-06-20,1
1980,2016-06-21,1
1981,2016-06-22,0
1982,2016-06-23,1
1983,2016-06-24,0
1984,2016-06-27,0
1985,2016-06-28,1
1986,2016-06-29,1
1987,2016-06-30,1
1988,2016-07-01,1
